2019-12-31,Afghanistan,0,0,0,0,,,,
2020-01-01,Afghanistan,0,0,0,0,,,,
2020-01-02,Afghanistan,0,0,0,0,,,,
2020-01-03,Afghanistan,0,0,0,0,,,,
2020-01-04,Afghanistan,0,0,0,0,,,,
2020-01-05,Afghanistan,0,0,0,0,,,,
2020-03-03,Afghanistan,,,,,0.0,0.0,1.0,0.0
2020-03-04,Afghanistan,,,,,0.0,0.0,1.0,0.0
2020-03-05,Afghanistan,,,,,0.0,0.0,1.0,0.0
2020-03-06,Afghanistan,,,,,0.0,0.0,1.0,0.0
2020-03-07,Afghanistan,,,,,0.0,0.0,1.0,0.0
2020-03-09,Afghanistan,,,,,3.0,0.0,4.0,0.0
2020-03-10,Afghanistan,,,,,3.0,0.0,3.0,0.0
2020-03-12,Afghanistan,,,,,6.0,0.0,6.0,0.0
2020-03-13,Afghanistan,,,,,6.0,0.0,6.0,0.0
2020-03-14,Afghanistan,,,,,6.0,0.0,6.0,0.0
2020-03-09,Albania,2,0,2,0,,,,
2020-03-10,Albania,4,0,6,0,,,,
2020-03-11,Albania,4,0,10,0,,,,
2020-03-12,Albania,1,1,11,1,,,,
2020-03-13,Albania,12,0,23,1,,,,
2020-03-14,Albania,10,0,33,1,,,,
2019-12-31,Algeria,0,0,0,0,,,,
2020-01-01,Algeria,0,0,0,0,,,,
2020-01-02,Algeria,0,0,0,0,,,,
2020-01-03,Algeria,0,0,0,0,,,,
2020-01-04,Algeria,0,0,0,0,,,,
2020-01-05,Algeria,0,0,0,0,,,,
2020-03-03,Algeria,,,,,3.0,0.0,3.0,0.0
2020-03-07,Algeria,,,,,16.0,0.0,17.0,0.0
2020-03-08,Algeria,,,,,14.0,0.0,17.0,0.0
2020-03-10,Algeria,,,,,17.0,0.0,20.0,0.0
2020-03-11,Algeria,,,,,15.0,0.0,19.0,0.0
2020-03-03,Andorra,1,0,1,0,,,,
2020-03-09,Andorra,,,,,1.0,0.0,,
2020-03-10,Andorra,,,,,0.0,0.0,,
2020-03-11,Andorra,,,,,0.0,0.0,,
2020-03-12,Andorra,,,,,0.0,0.0,,
2020-03-13,Andorra,,,,,0.0,0.0,,
2020-03-15,Andorra,,,,,1.0,0.0,,
2020-03-22,Angola,2,0,2,0,,,,
2020-03-23,Angola,0,0,2,0,,,,
2020-03-24,Angola,0,0,2,0,,,,
2020-03-25,Angola,0,0,2,0,,,,
2020-03-26,Angola,0,0,2,0,,,,
2020-03-27,Angola,1,0,3,0,,,,
2020-03-27,Anguilla,2,0,2,0,,,,
2020-03-28,Anguilla,0,0,2,0,,,,
2020-03-29,Anguilla,0,0,2,0,,,,
2020-03-30,Anguilla,0,0,2,0,,,,
2020-03-31,Anguilla,0,0,2,0,,,,
2020-04-01,Anguilla,0,0,2,0,,,,
2020-03-15,Antigua and Barbuda,1,0,1,0,,,,
2020-03-04,Argentina,1,0,1,0,,,,
2020-03-06,Argentina,1,0,2,0,,,,
2020-03-07,Argentina,6,0,8,0,,,,
2020-03-08,Argentina,1,1,9,1,,,,
2020-03-09,Argentina,3,0,12,1,,,,
2020-03-10,Argentina,,,,,12.0,1.0,,
2020-03-12,Argentina,,,,,18.0,1.0,,
2019-12-31,Armenia,0,0,0,0,,,,
2020-01-01,Armenia,0,0,0,0,,,,
2020-01-02,Armenia,0,0,0,0,,,,
2020-01-03,Armenia,0,0,0,0,,,,
2020-01-04,Armenia,0,0,0,0,,,,
2020-01-05,Armenia,0,0,0,0,,,,
2020-03-03,Armenia,,,,,1.0,0.0,1.0,0.0
2020-03-04,Armenia,,,,,1.0,0.0,1.0,0.0
2020-03-05,Armenia,,,,,1.0,0.0,1.0,0.0
2020-03-06,Armenia,,,,,1.0,0.0,1.0,0.0
2020-03-07,Armenia,,,,,1.0,0.0,1.0,0.0
2020-03-08,Armenia,,,,,0.0,0.0,1.0,0.0
2020-03-09,Armenia,,,,,0.0,0.0,1.0,0.0
2020-03-10,Armenia,,,,,0.0,0.0,1.0,0.0
2020-03-11,Armenia,,,,,0.0,0.0,1.0,0.0
2020-03-13,Aruba,2,0,2,0,,,,
2020-03-19,Aruba,,,,,2.0,0.0,,
2020-03-21,Aruba,,,,,2.0,0.0,,
2020-03-22,Aruba,,,,,2.0,0.0,,
2020-03-23,Aruba,,,,,2.0,0.0,,
2020-03-31,Aruba,,,,,38.0,0.0,48.0,0.0
2019-12-31,Australia,0,0,0,0,,,,
2020-01-01,Australia,0,0,0,0,,,,
2020-01-02,Australia,0,0,0,0,,,,
2020-01-03,Australia,0,0,0,0,,,,
2020-01-04,Australia,0,0,0,0,,,,
2020-01-05,Australia,0,0,0,0,,,,
2019-12-31,Austria,0,0,0,0,,,,
2020-01-01,Austria,0,0,0,0,,,,
2020-01-02,Austria,0,0,0,0,,,,
2020-01-03,Austria,0,0,0,0,,,,
2020-01-04,Austria,0,0,0,0,,,,
2020-01-05,Austria,0,0,0,0,,,,
2019-12-31,Azerbaijan,0,0,0,0,,,,
2020-01-01,Azerbaijan,0,0,0,0,,,,
2020-01-02,Azerbaijan,0,0,0,0,,,,
2020-01-03,Azerbaijan,0,0,0,0,,,,
2020-01-04,Azerbaijan,0,0,0,0,,,,
2020-01-05,Azerbaijan,0,0,0,0,,,,
2020-03-03,Azerbaijan,,,,,3.0,0.0,3.0,0.0
2020-03-04,Azerbaijan,,,,,3.0,0.0,3.0,0.0
2020-03-05,Azerbaijan,,,,,3.0,0.0,3.0,0.0
2020-03-08,Azerbaijan,,,,,8.0,0.0,9.0,0.0
2020-03-09,Azerbaijan,,,,,6.0,0.0,9.0,0.0
2020-03-10,Azerbaijan,,,,,6.0,0.0,9.0,0.0
2020-03-14,Azerbaijan,,,,,4.0,0.0,12.0,0.0
2020-03-16,Bahamas,1,0,1,0,,,,
2020-03-17,Bahamas,0,0,1,0,,,,
2020-03-20,Bahamas,2,0,3,0,,,,
2020-03-21,Bahamas,1,0,4,0,,,,
2019-12-31,Bahrain,0,0,0,0,,,,
2020-01-01,Bahrain,0,0,0,0,,,,
2020-01-02,Bahrain,0,0,0,0,,,,
2020-01-03,Bahrain,0,0,0,0,,,,
2020-01-04,Bahrain,0,0,0,0,,,,
2020-01-05,Bahrain,0,0,0,0,,,,
2020-03-03,Bahrain,,,,,45.0,0.0,47.0,0.0
2020-03-09,Bangladesh,3,0,3,0,,,,
2020-03-16,Bangladesh,,,,,0.0,0.0,,
2020-03-18,Barbados,1,0,1,0,,,,
2020-03-19,Barbados,0,0,1,0,,,,
2020-03-20,Barbados,1,0,2,0,,,,
2020-03-21,Barbados,4,0,6,0,,,,
2020-03-22,Barbados,8,0,14,0,,,,
2020-03-23,Barbados,3,0,17,0,,,,
2019-12-31,Belarus,0,0,0,0,,,,
2020-01-01,Belarus,0,0,0,0,,,,
2020-01-02,Belarus,0,0,0,0,,,,
2020-01-03,Belarus,0,0,0,0,,,,
2020-01-04,Belarus,0,0,0,0,,,,
2020-01-05,Belarus,0,0,0,0,,,,
2020-03-03,Belarus,,,,,1.0,0.0,1.0,0.0
2020-03-06,Belarus,,,,,5.0,0.0,6.0,0.0
2020-03-07,Belarus,,,,,5.0,0.0,6.0,0.0
2020-03-08,Belarus,,,,,5.0,0.0,6.0,0.0
2020-03-09,Belarus,,,,,5.0,0.0,6.0,0.0
2020-03-10,Belarus,,,,,5.0,0.0,6.0,0.0
2020-03-14,Belarus,,,,,15.0,0.0,20.0,0.0
2020-03-15,Belarus,,,,,15.0,0.0,20.0,0.0
2019-12-31,Belgium,0,0,0,0,,,,
2020-01-01,Belgium,0,0,0,0,,,,
2020-01-02,Belgium,0,0,0,0,,,,
2020-01-03,Belgium,0,0,0,0,,,,
2020-01-04,Belgium,0,0,0,0,,,,
2020-01-05,Belgium,0,0,0,0,,,,
2020-03-24,Belize,1,0,1,0,,,,
2020-03-25,Belize,0,0,1,0,,,,
2020-03-26,Belize,1,0,2,0,,,,
2020-03-27,Belize,0,0,2,0,,,,
2020-03-28,Belize,0,0,2,0,,,,
2020-03-29,Belize,0,0,2,0,,,,
2020-03-17,Benin,1,0,1,0,,,,
2020-03-18,Benin,0,0,1,0,,,,
2020-03-19,Benin,0,0,1,0,,,,
2020-03-20,Benin,1,0,2,0,,,,
2020-03-21,Benin,0,0,2,0,,,,
2020-03-22,Benin,0,0,2,0,,,,
2020-03-20,Bermuda,2,0,2,0,,,,
2020-03-21,Bermuda,0,0,2,0,,,,
2020-03-22,Bermuda,0,0,2,0,,,,
2020-03-23,Bermuda,4,0,6,0,,,,
2020-03-24,Bermuda,0,0,6,0,,,,
2020-03-25,Bermuda,0,0,6,0,,,,
2020-03-06,Bhutan,1,0,1,0,,,,
2020-03-12,Bhutan,,,,,1.0,0.0,,
2020-03-14,Bhutan,,,,,0.0,0.0,,
2020-03-16,Bhutan,,,,,0.0,0.0,,
2020-03-12,Bolivia,2,0,2,0,,,,
2020-03-13,Bolivia,1,0,3,0,,,,
2020-03-14,Bolivia,7,0,10,0,,,,
2020-03-15,Bolivia,0,0,10,0,,,,
2020-03-17,Bolivia,1,0,11,0,,,,
2020-04-02,Bonaire Sint Eustatius and Saba,2,0,2,0,,,,
2020-04-03,Bonaire Sint Eustatius and Saba,0,0,2,0,,,,
2020-04-04,Bonaire Sint Eustatius and Saba,0,0,2,0,,,,
2020-04-05,Bonaire Sint Eustatius and Saba,0,0,2,0,,,,
2020-04-06,Bonaire Sint Eustatius and Saba,0,0,2,0,,,,
2020-04-07,Bonaire Sint Eustatius and Saba,0,0,2,0,,,,
2020-03-06,Bosnia and Herzegovina,2,0,2,0,,,,
2020-03-14,Bosnia and Herzegovina,,,,,1.0,0.0,,
2020-03-15,Bosnia and Herzegovina,,,,,1.0,0.0,,
2020-04-01,Botswana,3,0,3,0,,,,
2020-04-02,Botswana,1,1,4,1,,,,
2020-04-03,Botswana,0,0,4,1,,,,
2020-04-04,Botswana,0,0,4,1,,,,
2020-04-05,Botswana,0,0,4,1,,,,
2020-04-06,Botswana,2,0,6,1,,,,
2019-12-31,Brazil,0,0,0,0,,,,
2020-01-01,Brazil,0,0,0,0,,,,
2020-01-02,Brazil,0,0,0,0,,,,
2020-01-03,Brazil,0,0,0,0,,,,
2020-01-04,Brazil,0,0,0,0,,,,
2020-01-05,Brazil,0,0,0,0,,,,
2020-03-27,British Virgin Islands,2,0,2,0,,,,
2020-03-28,British Virgin Islands,0,0,2,0,,,,
2020-03-29,British Virgin Islands,0,0,2,0,,,,
2020-03-30,British Virgin Islands,0,0,2,0,,,,
2020-03-31,British Virgin Islands,1,0,3,0,,,,
2020-04-01,British Virgin Islands,0,0,3,0,,,,
2020-03-10,Brunei,1,0,1,0,,,,
2020-03-12,Brunei,10,0,11,0,,,,
2020-03-13,Brunei,14,0,25,0,,,,
2020-03-14,Brunei,12,0,37,0,,,,
2020-03-15,Brunei,3,0,40,0,,,,
2020-03-08,Bulgaria,2,0,2,0,,,,
2020-03-09,Bulgaria,2,0,4,0,,,,
2020-03-12,Bulgaria,3,1,7,1,,,,
2020-03-13,Bulgaria,16,0,23,1,,,,
2020-03-11,Burkina Faso,2,0,2,0,,,,
2020-03-12,Burkina Faso,0,0,2,0,,,,
2020-03-15,Burkina Faso,1,0,3,0,,,,
2020-03-16,Burkina Faso,0,0,3,0,,,,
2020-04-01,Burundi,2,0,2,0,,,,
2020-04-02,Burundi,0,0,2,0,,,,
2020-04-03,Burundi,1,0,3,0,,,,
2020-04-04,Burundi,0,0,3,0,,,,
2020-04-05,Burundi,0,0,3,0,,,,
2020-04-06,Burundi,0,0,3,0,,,,
2019-12-31,Cambodia,0,0,0,0,,,,
2020-01-01,Cambodia,0,0,0,0,,,,
2020-01-02,Cambodia,0,0,0,0,,,,
2020-01-03,Cambodia,0,0,0,0,,,,
2020-01-04,Cambodia,0,0,0,0,,,,
2020-01-05,Cambodia,0,0,0,0,,,,
2020-03-03,Cambodia,,,,,0.0,0.0,0.0,0.0
2020-03-04,Cambodia,,,,,0.0,0.0,0.0,0.0
2020-03-05,Cambodia,,,,,0.0,0.0,0.0,0.0
2020-03-06,Cambodia,,,,,0.0,0.0,0.0,0.0
2020-03-07,Cambodia,,,,,0.0,0.0,0.0,0.0
2020-03-09,Cambodia,,,,,1.0,0.0,1.0,0.0
2020-03-10,Cambodia,,,,,1.0,0.0,1.0,0.0
2020-03-11,Cambodia,,,,,1.0,0.0,1.0,0.0
2020-03-14,Cambodia,,,,,4.0,0.0,4.0,0.0
2020-03-07,Cameroon,1,0,1,0,,,,
2020-03-09,Cameroon,1,0,2,0,,,,
2020-03-13,Cameroon,,,,,2.0,0.0,,
2020-03-14,Cameroon,,,,,1.0,0.0,,
2019-12-31,Canada,0,0,0,0,,,,
2020-01-01,Canada,0,0,0,0,,,,
2020-01-02,Canada,0,0,0,0,,,,
2020-01-03,Canada,0,0,0,0,,,,
2020-01-04,Canada,0,0,0,0,,,,
2020-01-05,Canada,0,0,0,0,,,,
2020-03-21,Cabo Verde,2,0,2,0,,,,
2020-03-22,Cabo Verde,1,0,3,0,,,,
2020-03-23,Cabo Verde,0,0,3,0,,,,
2020-03-24,Cabo Verde,0,0,3,0,,,,
2020-03-25,Cabo Verde,0,1,3,1,,,,
2020-03-26,Cabo Verde,1,0,4,1,,,,
2020-03-20,Cayman Islands,1,0,1,0,,,,
2020-03-21,Cayman Islands,2,1,3,1,,,,
2020-03-22,Cayman Islands,0,0,3,1,,,,
2020-03-23,Cayman Islands,0,0,3,1,,,,
2020-03-24,Cayman Islands,0,0,3,1,,,,
2020-03-25,Cayman Islands,0,0,3,1,,,,
2020-03-16,Central African Republic,1,0,1,0,,,,
2020-03-17,Central African Republic,0,0,1,0,,,,
2020-03-18,Central African Republic,0,0,1,0,,,,
2020-03-19,Central African Republic,0,0,1,0,,,,
2020-03-20,Central African Republic,0,0,1,0,,,,
2020-03-21,Central African Republic,0,0,1,0,,,,
2020-03-20,Chad,1,0,1,0,,,,
2020-03-21,Chad,0,0,1,0,,,,
2020-03-22,Chad,1,0,2,0,,,,
2020-03-23,Chad,0,0,2,0,,,,
2020-03-24,Chad,0,0,2,0,,,,
2020-03-25,Chad,1,0,3,0,,,,
2020-03-04,Chile,1,0,1,0,,,,
2020-03-05,Chile,2,0,3,0,,,,
2020-03-06,Chile,1,0,4,0,,,,
2020-03-07,Chile,1,0,5,0,,,,
2020-03-09,Chile,5,0,10,0,,,,
2019-12-31,China,27,0,27,0,,,,
2020-01-01,China,0,0,27,0,,,,
2020-01-02,China,0,0,27,0,,,,
2020-01-03,China,17,0,44,0,,,,
2020-01-04,China,0,0,44,0,,,,
2020-01-05,China,15,0,59,0,,,,
2020-03-07,Colombia,1,0,1,0,,,,
2020-03-10,Colombia,2,0,3,0,,,,
2020-03-12,Colombia,6,0,9,0,,,,
2020-03-13,Colombia,,,,,9.0,0.0,,
2020-05-02,Comoros,1,0,1,0,,,,
2020-05-03,Comoros,0,0,1,0,,,,
2020-05-04,Comoros,2,0,3,0,,,,
2020-05-05,Comoros,1,1,4,1,,,,
2020-05-06,Comoros,0,0,4,1,,,,
2020-05-07,Comoros,4,0,8,1,,,,
2020-03-16,Congo,1,0,1,0,,,,
2020-03-17,Congo,0,0,1,0,,,,
2020-03-18,Congo,0,0,1,0,,,,
2020-03-19,Congo,2,0,3,0,,,,
2020-03-20,Congo,0,0,3,0,,,,
2020-03-21,Congo,0,0,3,0,,,,
2020-03-07,Costa Rica,1,0,1,0,,,,
2020-03-09,Costa Rica,4,0,5,0,,,,
2020-03-10,Costa Rica,4,0,9,0,,,,
2020-03-11,Costa Rica,4,0,13,0,,,,
2020-03-12,Costa Rica,9,0,22,0,,,,
2020-03-12,Ivory Coast,1,0,1,0,,,,
2020-03-15,Ivory Coast,3,0,4,0,,,,
2020-03-16,Ivory Coast,0,0,4,0,,,,
2020-03-17,Ivory Coast,1,0,5,0,,,,
2019-12-31,Croatia,0,0,0,0,,,,
2020-01-01,Croatia,0,0,0,0,,,,
2020-01-02,Croatia,0,0,0,0,,,,
2020-01-03,Croatia,0,0,0,0,,,,
2020-01-04,Croatia,0,0,0,0,,,,
2020-01-05,Croatia,0,0,0,0,,,,
2020-03-05,Croatia,,,,,7.0,0.0,9.0,0.0
2020-03-09,Croatia,,,,,5.0,0.0,12.0,0.0
2020-03-10,Croatia,,,,,4.0,0.0,12.0,0.0
2020-03-12,Cuba,3,0,3,0,,,,
2020-03-14,Cuba,1,0,4,0,,,,
2020-03-15,Cuba,0,0,4,0,,,,
2020-03-13,Curacao,1,0,1,0,,,,
2020-03-19,Curacao,,,,,1.0,0.0,,
2020-03-21,Curacao,,,,,2.0,0.0,,
2020-03-22,Curacao,,,,,2.0,0.0,,
2020-03-23,Curacao,,,,,2.0,0.0,,
2020-03-25,Curacao,,,,,5.0,0.0,,
2020-03-31,Curacao,,,,,3.0,1.0,8.0,1.0
2020-03-10,Cyprus,2,0,2,0,,,,
2020-03-12,Cyprus,4,0,6,0,,,,
2020-03-14,Cyprus,8,0,14,0,,,,
2020-03-15,Cyprus,7,0,21,0,,,,
2019-12-31,Czech Republic,0,0,0,0,,,,
2020-01-01,Czech Republic,0,0,0,0,,,,
2020-01-02,Czech Republic,0,0,0,0,,,,
2020-01-03,Czech Republic,0,0,0,0,,,,
2020-01-04,Czech Republic,0,0,0,0,,,,
2020-01-05,Czech Republic,0,0,0,0,,,,
2020-03-11,Democratic Republic of Congo,1,0,1,0,,,,
2020-03-14,Democratic Republic of Congo,1,0,2,0,,,,
2020-03-15,Democratic Republic of Congo,0,0,2,0,,,,
2020-03-16,Democratic Republic of Congo,0,0,2,0,,,,
2019-12-31,Denmark,0,0,0,0,,,,
2020-01-01,Denmark,0,0,0,0,,,,
2020-01-02,Denmark,0,0,0,0,,,,
2020-01-03,Denmark,0,0,0,0,,,,
2020-01-04,Denmark,0,0,0,0,,,,
2020-01-05,Denmark,0,0,0,0,,,,
2020-03-19,Djibouti,1,0,1,0,,,,
2020-03-20,Djibouti,0,0,1,0,,,,
2020-03-21,Djibouti,0,0,1,0,,,,
2020-03-22,Djibouti,0,0,1,0,,,,
2020-03-23,Djibouti,0,0,1,0,,,,
2020-03-24,Djibouti,2,0,3,0,,,,
2020-03-23,Dominica,1,0,1,0,,,,
2020-03-24,Dominica,0,0,1,0,,,,
2020-03-25,Dominica,1,0,2,0,,,,
2020-03-26,Dominica,5,0,7,0,,,,
2020-03-27,Dominica,4,0,11,0,,,,
2020-03-28,Dominica,0,0,11,0,,,,
2019-12-31,Dominican Republic,0,0,0,0,,,,
2020-01-01,Dominican Republic,0,0,0,0,,,,
2020-01-02,Dominican Republic,0,0,0,0,,,,
2020-01-03,Dominican Republic,0,0,0,0,,,,
2020-01-04,Dominican Republic,0,0,0,0,,,,
2020-01-05,Dominican Republic,0,0,0,0,,,,
2020-03-03,Dominican Republic,,,,,1.0,0.0,1.0,0.0
2020-03-04,Dominican Republic,,,,,1.0,0.0,1.0,0.0
2020-03-05,Dominican Republic,,,,,1.0,0.0,1.0,0.0
2020-03-06,Dominican Republic,,,,,1.0,0.0,1.0,0.0
2020-03-08,Dominican Republic,,,,,2.0,0.0,2.0,0.0
2020-03-09,Dominican Republic,,,,,1.0,0.0,2.0,0.0
2020-03-11,Dominican Republic,,,,,4.0,0.0,5.0,0.0
2020-03-12,Dominican Republic,,,,,4.0,0.0,5.0,0.0
2020-03-13,Dominican Republic,,,,,4.0,0.0,5.0,0.0
2019-12-31,Ecuador,0,0,0,0,,,,
2020-01-01,Ecuador,0,0,0,0,,,,
2020-01-02,Ecuador,0,0,0,0,,,,
2020-01-03,Ecuador,0,0,0,0,,,,
2020-01-04,Ecuador,0,0,0,0,,,,
2020-01-05,Ecuador,0,0,0,0,,,,
2020-03-04,Ecuador,,,,,7.0,0.0,7.0,0.0
2020-03-07,Ecuador,,,,,13.0,0.0,13.0,0.0
2020-03-08,Ecuador,,,,,12.0,0.0,13.0,0.0
2020-03-12,Ecuador,,,,,7.0,0.0,17.0,0.0
2020-03-13,Ecuador,,,,,4.0,0.0,17.0,0.0
2019-12-31,Egypt,0,0,0,0,,,,
2020-01-01,Egypt,0,0,0,0,,,,
2020-01-02,Egypt,0,0,0,0,,,,
2020-01-03,Egypt,0,0,0,0,,,,
2020-01-04,Egypt,0,0,0,0,,,,
2020-01-05,Egypt,0,0,0,0,,,,
2020-03-03,Egypt,,,,,1.0,0.0,1.0,0.0
2020-03-04,Egypt,,,,,1.0,0.0,1.0,0.0
2020-03-05,Egypt,,,,,1.0,0.0,1.0,0.0
2020-03-08,Egypt,,,,,14.0,0.0,14.0,0.0
2020-03-19,El Salvador,1,0,1,0,,,,
2020-03-20,El Salvador,0,0,1,0,,,,
2020-03-21,El Salvador,2,0,3,0,,,,
2020-03-22,El Salvador,0,0,3,0,,,,
2020-03-23,El Salvador,0,0,3,0,,,,
2020-03-24,El Salvador,2,0,5,0,,,,
2020-03-15,Equatorial Guinea,1,0,1,0,,,,
2020-03-16,Equatorial Guinea,0,0,1,0,,,,
2020-03-17,Equatorial Guinea,0,0,1,0,,,,
2020-03-18,Equatorial Guinea,0,0,1,0,,,,
2020-03-19,Equatorial Guinea,2,0,3,0,,,,
2020-03-20,Equatorial Guinea,1,0,4,0,,,,
2020-03-22,Eritrea,1,0,1,0,,,,
2020-03-23,Eritrea,0,0,1,0,,,,
2020-03-24,Eritrea,0,0,1,0,,,,
2020-03-25,Eritrea,0,0,1,0,,,,
2020-03-26,Eritrea,3,0,4,0,,,,
2020-03-27,Eritrea,2,0,6,0,,,,
2019-12-31,Estonia,0,0,0,0,,,,
2020-01-01,Estonia,0,0,0,0,,,,
2020-01-02,Estonia,0,0,0,0,,,,
2020-01-03,Estonia,0,0,0,0,,,,
2020-01-04,Estonia,0,0,0,0,,,,
2020-01-05,Estonia,0,0,0,0,,,,
2020-03-03,Estonia,,,,,1.0,0.0,1.0,0.0
2020-03-05,Estonia,,,,,2.0,0.0,2.0,0.0
2020-03-08,Estonia,,,,,9.0,0.0,10.0,0.0
2020-03-09,Estonia,,,,,9.0,0.0,10.0,0.0
2020-03-10,Estonia,,,,,9.0,0.0,10.0,0.0
2020-03-14,Ethiopia,1,0,1,0,,,,
2020-03-15,Ethiopia,0,0,1,0,,,,
2020-03-16,Ethiopia,3,0,4,0,,,,
2020-03-17,Ethiopia,1,0,5,0,,,,
2020-03-18,Ethiopia,0,0,5,0,,,,
2020-03-19,Ethiopia,1,0,6,0,,,,
2020-03-20,Faeroe Islands,72,0,72,0,,,,
2020-03-21,Faeroe Islands,8,0,80,0,,,,
2020-03-22,Faeroe Islands,12,0,92,0,,,,
2020-03-23,Faeroe Islands,23,0,115,0,,,,
2020-03-24,Faeroe Islands,3,0,118,0,,,,
2020-03-25,Faeroe Islands,4,0,122,0,,,,
2020-04-04,Falkland Islands,1,0,1,0,,,,
2020-04-05,Falkland Islands,0,0,1,0,,,,
2020-04-06,Falkland Islands,1,0,2,0,,,,
2020-04-07,Falkland Islands,0,0,2,0,,,,
2020-04-08,Falkland Islands,3,0,5,0,,,,
2020-04-09,Falkland Islands,0,0,5,0,,,,
2020-03-20,Fiji,1,0,1,0,,,,
2020-03-21,Fiji,0,0,1,0,,,,
2020-03-22,Fiji,1,0,2,0,,,,
2020-03-23,Fiji,1,0,3,0,,,,
2020-03-24,Fiji,1,0,4,0,,,,
2020-03-25,Fiji,1,0,5,0,,,,
2019-12-31,Finland,0,0,0,0,,,,
2020-01-01,Finland,0,0,0,0,,,,
2020-01-02,Finland,0,0,0,0,,,,
2020-01-03,Finland,0,0,0,0,,,,
2020-01-04,Finland,0,0,0,0,,,,
2020-01-05,Finland,0,0,0,0,,,,
2020-03-03,Finland,,,,,5.0,0.0,5.0,0.0
2020-03-05,Finland,,,,,5.0,0.0,6.0,0.0
2020-03-08,Finland,,,,,16.0,0.0,18.0,0.0
2020-03-11,Finland,,,,,33.0,0.0,39.0,0.0
2019-12-31,France,0,0,0,0,,,,
2020-01-01,France,0,0,0,0,,,,
2020-01-02,France,0,0,0,0,,,,
2020-01-03,France,0,0,0,0,,,,
2020-01-04,France,0,0,0,0,,,,
2020-01-05,France,0,0,0,0,,,,
2020-03-19,French Polynesia,3,0,3,0,,,,
2020-03-20,French Polynesia,0,0,3,0,,,,
2020-03-21,French Polynesia,12,0,15,0,,,,
2020-03-22,French Polynesia,2,0,17,0,,,,
2020-03-23,French Polynesia,1,0,18,0,,,,
2020-03-24,French Polynesia,5,0,23,0,,,,
2020-03-13,Gabon,1,0,1,0,,,,
2020-03-15,Gabon,0,0,1,0,,,,
2020-03-16,Gabon,0,0,1,0,,,,
2020-03-17,Gabon,0,0,1,0,,,,
2020-03-18,Gabon,0,0,1,0,,,,
2020-03-18,Gambia,1,0,1,0,,,,
2020-03-19,Gambia,0,0,1,0,,,,
2020-03-20,Gambia,0,0,1,0,,,,
2020-03-21,Gambia,0,0,1,0,,,,
2020-03-22,Gambia,0,0,1,0,,,,
2020-03-23,Gambia,0,0,1,0,,,,
2019-12-31,Georgia,0,0,0,0,,,,
2020-01-01,Georgia,0,0,0,0,,,,
2020-01-02,Georgia,0,0,0,0,,,,
2020-01-03,Georgia,0,0,0,0,,,,
2020-01-04,Georgia,0,0,0,0,,,,
2020-01-05,Georgia,0,0,0,0,,,,
2020-03-03,Georgia,,,,,3.0,0.0,3.0,0.0
2020-03-04,Georgia,,,,,3.0,0.0,3.0,0.0
2020-03-07,Georgia,,,,,7.0,0.0,9.0,0.0
2019-12-31,Germany,0,0,0,0,,,,
2020-01-01,Germany,0,0,0,0,,,,
2020-01-02,Germany,0,0,0,0,,,,
2020-01-03,Germany,0,0,0,0,,,,
2020-01-04,Germany,0,0,0,0,,,,
2020-01-05,Germany,0,0,0,0,,,,
2020-03-13,Ghana,2,0,2,0,,,,
2020-03-15,Ghana,0,0,2,0,,,,
2020-03-16,Ghana,0,0,2,0,,,,
2020-03-17,Ghana,4,0,6,0,,,,
2020-03-18,Ghana,0,0,6,0,,,,
2020-03-20,Gibraltar,10,0,10,0,,,,
2020-03-21,Gibraltar,0,0,10,0,,,,
2020-03-22,Gibraltar,0,0,10,0,,,,
2020-03-23,Gibraltar,5,0,15,0,,,,
2020-03-24,Gibraltar,0,0,15,0,,,,
2020-03-25,Gibraltar,0,0,15,0,,,,
2019-12-31,Greece,0,0,0,0,,,,
2020-01-01,Greece,0,0,0,0,,,,
2020-01-02,Greece,0,0,0,0,,,,
2020-01-03,Greece,0,0,0,0,,,,
2020-01-04,Greece,0,0,0,0,,,,
2020-01-05,Greece,0,0,0,0,,,,
2020-03-03,Greece,,,,,7.0,0.0,7.0,0.0
2020-03-04,Greece,,,,,7.0,0.0,7.0,0.0
2020-03-20,Greenland,2,0,2,0,,,,
2020-03-21,Greenland,0,0,2,0,,,,
2020-03-22,Greenland,0,0,2,0,,,,
2020-03-23,Greenland,0,0,2,0,,,,
2020-03-24,Greenland,2,0,4,0,,,,
2020-03-25,Greenland,0,0,4,0,,,,
2020-03-23,Grenada,1,0,1,0,,,,
2020-03-24,Grenada,0,0,1,0,,,,
2020-03-25,Grenada,0,0,1,0,,,,
2020-03-26,Grenada,0,0,1,0,,,,
2020-03-27,Grenada,6,0,7,0,,,,
2020-03-28,Grenada,0,0,7,0,,,,
2020-03-19,Guam,3,0,3,0,,,,
2020-03-20,Guam,9,0,12,0,,,,
2020-03-21,Guam,2,0,14,0,,,,
2020-03-22,Guam,1,1,15,1,,,,
2020-03-23,Guam,12,0,27,1,,,,
2020-03-24,Guam,2,0,29,1,,,,
2020-03-15,Guatemala,1,0,1,0,,,,
2020-03-16,Guatemala,0,1,1,1,,,,
2020-03-17,Guatemala,5,0,6,1,,,,
2020-03-18,Guatemala,0,0,6,1,,,,
2020-03-19,Guatemala,2,0,8,1,,,,
2020-03-20,Guatemala,1,0,9,1,,,,
2020-03-20,Guernsey,1,0,1,0,,,,
2020-03-21,Guernsey,0,0,1,0,,,,
2020-03-22,Guernsey,0,0,1,0,,,,
2020-03-23,Guernsey,16,0,17,0,,,,
2020-03-24,Guernsey,3,0,20,0,,,,
2020-03-25,Guernsey,3,0,23,0,,,,
2020-03-14,Guinea,1,0,1,0,,,,
2020-03-15,Guinea,0,0,1,0,,,,
2020-03-17,Guinea,0,0,1,0,,,,
2020-03-18,Guinea,0,0,1,0,,,,
2020-03-19,Guinea,0,0,1,0,,,,
2020-03-27,Guinea-Bissau,2,0,2,0,,,,
2020-03-28,Guinea-Bissau,0,0,2,0,,,,
2020-03-29,Guinea-Bissau,0,0,2,0,,,,
2020-03-30,Guinea-Bissau,0,0,2,0,,,,
2020-03-31,Guinea-Bissau,0,0,2,0,,,,
2020-04-01,Guinea-Bissau,6,0,8,0,,,,
2020-03-13,Guyana,1,1,1,1,,,,
2020-03-16,Guyana,3,0,4,1,,,,
2020-03-17,Guyana,0,0,4,1,,,,
2020-03-18,Guyana,0,0,4,1,,,,
2020-03-20,Haiti,2,0,2,0,,,,
2020-03-21,Haiti,0,0,2,0,,,,
2020-03-22,Haiti,0,0,2,0,,,,
2020-03-23,Haiti,0,0,2,0,,,,
2020-03-24,Haiti,3,0,5,0,,,,
2020-03-25,Haiti,2,0,7,0,,,,
2020-03-12,Honduras,2,0,2,0,,,,
2020-03-14,Honduras,1,0,3,0,,,,
2020-03-16,Honduras,3,0,6,0,,,,
2020-03-17,Honduras,2,0,8,0,,,,
2020-03-05,Hungary,2,0,2,0,,,,
2020-03-07,Hungary,2,0,4,0,,,,
2020-03-08,Hungary,3,0,7,0,,,,
2020-03-09,Hungary,1,0,8,0,,,,
2020-03-10,Hungary,1,0,9,0,,,,
2019-12-31,Iceland,0,0,0,0,,,,
2020-01-01,Iceland,0,0,0,0,,,,
2020-01-02,Iceland,0,0,0,0,,,,
2020-01-03,Iceland,0,0,0,0,,,,
2020-01-04,Iceland,0,0,0,0,,,,
2020-01-05,Iceland,0,0,0,0,,,,
2019-12-31,India,0,0,0,0,,,,
2020-01-01,India,0,0,0,0,,,,
2020-01-02,India,0,0,0,0,,,,
2020-01-03,India,0,0,0,0,,,,
2020-01-04,India,0,0,0,0,,,,
2020-01-05,India,0,0,0,0,,,,
2020-03-09,India,,,,,31.0,0.0,31.0,0.0
2019-12-31,Indonesia,0,0,0,0,,,,
2020-01-01,Indonesia,0,0,0,0,,,,
2020-01-02,Indonesia,0,0,0,0,,,,
2020-01-03,Indonesia,0,0,0,0,,,,
2020-01-04,Indonesia,0,0,0,0,,,,
2020-01-05,Indonesia,0,0,0,0,,,,
2020-03-03,Indonesia,,,,,2.0,0.0,2.0,0.0
2020-03-04,Indonesia,,,,,2.0,0.0,2.0,0.0
2020-03-05,Indonesia,,,,,2.0,0.0,2.0,0.0
2020-03-06,Indonesia,,,,,2.0,0.0,2.0,0.0
2020-03-08,Indonesia,,,,,4.0,0.0,4.0,0.0
2020-03-10,Indonesia,,,,,4.0,0.0,6.0,0.0
2020-03-13,Indonesia,,,,,32.0,1.0,34.0,1.0
2019-12-31,International,0,0,0,0,,,,
2020-01-01,International,0,0,0,0,,,,
2020-01-02,International,0,0,0,0,,,,
2020-01-03,International,0,0,0,0,,,,
2020-01-04,International,0,0,0,0,,,,
2020-01-05,International,0,0,0,0,,,,
2020-03-03,International,,,,,14.0,3.0,251.0,6.0
2020-03-04,International,,,,,14.0,2.0,163.0,6.0
2020-03-05,International,,,,,0.0,2.0,84.0,4.0
2020-03-06,International,,,,,0.0,2.0,71.0,4.0
2020-03-07,International,,,,,0.0,0.0,71.0,4.0
2020-03-08,International,,,,,0.0,0.0,71.0,4.0
2020-03-09,International,,,,,0.0,0.0,14.0,3.0
2019-12-31,Iran,0,0,0,0,,,,
2020-01-01,Iran,0,0,0,0,,,,
2020-01-02,Iran,0,0,0,0,,,,
2020-01-03,Iran,0,0,0,0,,,,
2020-01-04,Iran,0,0,0,0,,,,
2020-01-05,Iran,0,0,0,0,,,,
2019-12-31,Iraq,0,0,0,0,,,,
2020-01-01,Iraq,0,0,0,0,,,,
2020-01-02,Iraq,0,0,0,0,,,,
2020-01-03,Iraq,0,0,0,0,,,,
2020-01-04,Iraq,0,0,0,0,,,,
2020-01-05,Iraq,0,0,0,0,,,,
2020-03-07,Iraq,,,,,31.0,2.0,38.0,2.0
2020-03-10,Iraq,,,,,40.0,6.0,60.0,6.0
2019-12-31,Ireland,0,0,0,0,,,,
2020-01-01,Ireland,0,0,0,0,,,,
2020-01-02,Ireland,0,0,0,0,,,,
2020-01-03,Ireland,0,0,0,0,,,,
2020-01-04,Ireland,0,0,0,0,,,,
2020-01-05,Ireland,0,0,0,0,,,,
2020-03-03,Ireland,,,,,1.0,0.0,1.0,0.0
2020-03-10,Ireland,,,,,20.0,0.0,21.0,0.0
2020-03-21,Isle of Man,1,0,1,0,,,,
2020-03-22,Isle of Man,1,0,2,0,,,,
2020-03-23,Isle of Man,0,0,2,0,,,,
2020-03-24,Isle of Man,11,0,13,0,,,,
2020-03-25,Isle of Man,10,0,23,0,,,,
2020-03-26,Isle of Man,0,0,23,0,,,,
2019-12-31,Israel,0,0,0,0,,,,
2020-01-01,Israel,0,0,0,0,,,,
2020-01-02,Israel,0,0,0,0,,,,
2020-01-03,Israel,0,0,0,0,,,,
2020-01-04,Israel,0,0,0,0,,,,
2020-01-05,Israel,0,0,0,0,,,,
2020-03-03,Israel,,,,,8.0,0.0,10.0,0.0
2020-03-04,Israel,,,,,8.0,0.0,10.0,0.0
2020-03-10,Israel,,,,,29.0,0.0,37.0,0.0
2019-12-31,Italy,0,0,0,0,,,,
2020-01-01,Italy,0,0,0,0,,,,
2020-01-02,Italy,0,0,0,0,,,,
2020-01-03,Italy,0,0,0,0,,,,
2020-01-04,Italy,0,0,0,0,,,,
2020-01-05,Italy,0,0,0,0,,,,
2020-03-12,Jamaica,2,0,2,0,,,,
2020-03-13,Jamaica,4,0,6,0,,,,
2020-03-14,Jamaica,2,0,8,0,,,,
2020-03-16,Jamaica,2,0,10,0,,,,
2020-03-17,Jamaica,0,0,10,0,,,,
2019-12-31,Japan,0,0,0,0,,,,
2020-01-01,Japan,0,0,0,0,,,,
2020-01-02,Japan,0,0,0,0,,,,
2020-01-03,Japan,0,0,0,0,,,,
2020-01-04,Japan,0,0,0,0,,,,
2020-01-05,Japan,0,0,0,0,,,,
2020-03-20,Jersey,5,0,5,0,,,,
2020-03-21,Jersey,7,0,12,0,,,,
2020-03-22,Jersey,0,0,12,0,,,,
2020-03-23,Jersey,3,0,15,0,,,,
2020-03-24,Jersey,3,0,18,0,,,,
2020-03-25,Jersey,0,0,18,0,,,,
2020-03-03,Jordan,1,0,1,0,,,,
2020-03-08,Jordan,0,0,1,0,,,,
2020-03-09,Jordan,,,,,1.0,0.0,,
2020-03-10,Jordan,,,,,0.0,0.0,,
2020-03-11,Jordan,,,,,0.0,0.0,,
2020-03-12,Jordan,,,,,0.0,0.0,,
2020-03-13,Jordan,,,,,0.0,0.0,,
2020-03-14,Jordan,,,,,0.0,0.0,,
2020-03-15,Kazakhstan,6,0,6,0,,,,
2020-03-16,Kazakhstan,3,0,9,0,,,,
2020-03-17,Kazakhstan,2,0,11,0,,,,
2020-03-18,Kazakhstan,22,0,33,0,,,,
2020-03-19,Kazakhstan,4,0,37,0,,,,
2020-03-20,Kazakhstan,12,0,49,0,,,,
2020-03-14,Kenya,1,0,1,0,,,,
2020-03-15,Kenya,0,0,1,0,,,,
2020-03-16,Kenya,2,0,3,0,,,,
2020-03-17,Kenya,0,0,3,0,,,,
2020-03-18,Kenya,1,0,4,0,,,,
2020-03-19,Kenya,3,0,7,0,,,,
2020-03-14,Kosovo,2,0,2,0,,,,
2020-03-15,Kosovo,3,0,5,0,,,,
2020-03-16,Kosovo,8,0,13,0,,,,
2020-03-17,Kosovo,3,0,16,0,,,,
2020-03-18,Kosovo,3,0,19,0,,,,
2020-03-19,Kosovo,1,0,20,0,,,,
2019-12-31,Kuwait,0,0,0,0,,,,
2020-01-01,Kuwait,0,0,0,0,,,,
2020-01-02,Kuwait,0,0,0,0,,,,
2020-01-03,Kuwait,0,0,0,0,,,,
2020-01-04,Kuwait,0,0,0,0,,,,
2020-01-05,Kuwait,0,0,0,0,,,,
2020-03-04,Kuwait,,,,,45.0,0.0,56.0,0.0
2020-03-05,Kuwait,,,,,30.0,0.0,56.0,0.0
2020-03-07,Kuwait,,,,,13.0,0.0,58.0,0.0
2020-03-19,Kyrgyzstan,3,0,3,0,,,,
2020-03-20,Kyrgyzstan,3,0,6,0,,,,
2020-03-21,Kyrgyzstan,0,0,6,0,,,,
2020-03-22,Kyrgyzstan,8,0,14,0,,,,
2020-03-23,Kyrgyzstan,0,0,14,0,,,,
2020-03-24,Kyrgyzstan,2,0,16,0,,,,
2020-03-25,Laos,2,0,2,0,,,,
2020-03-26,Laos,0,0,2,0,,,,
2020-03-27,Laos,4,0,6,0,,,,
2020-03-28,Laos,0,0,6,0,,,,
2020-03-29,Laos,0,0,6,0,,,,
2020-03-30,Laos,0,0,6,0,,,,
2020-03-03,Latvia,1,0,1,0,,,,
2020-03-08,Latvia,1,0,2,0,,,,
2019-12-31,Lebanon,0,0,0,0,,,,
2020-01-01,Lebanon,0,0,0,0,,,,
2020-01-02,Lebanon,0,0,0,0,,,,
2020-01-03,Lebanon,0,0,0,0,,,,
2020-01-04,Lebanon,0,0,0,0,,,,
2020-01-05,Lebanon,0,0,0,0,,,,
2020-03-04,Lebanon,,,,,12.0,0.0,13.0,0.0
2020-03-05,Lebanon,,,,,11.0,0.0,13.0,0.0
2020-03-08,Lebanon,,,,,18.0,0.0,21.0,0.0
2020-03-14,Lebanon,,,,,44.0,2.0,63.0,2.0
2020-05-15,Lesotho,1,0,1,0,,,,
2020-05-16,Lesotho,0,0,1,0,,,,
2020-05-17,Lesotho,0,0,1,0,,,,
2020-05-18,Lesotho,0,0,1,0,,,,
2020-05-19,Lesotho,0,0,1,0,,,,
2020-05-20,Lesotho,0,0,1,0,,,,
2020-03-17,Liberia,1,0,1,0,,,,
2020-03-18,Liberia,1,0,2,0,,,,
2020-03-19,Liberia,0,0,2,0,,,,
2020-03-20,Liberia,0,0,2,0,,,,
2020-03-21,Liberia,0,0,2,0,,,,
2020-03-22,Liberia,1,0,3,0,,,,
2020-03-25,Libya,1,0,1,0,,,,
2020-03-26,Libya,0,0,1,0,,,,
2020-03-27,Libya,0,0,1,0,,,,
2020-03-28,Libya,0,0,1,0,,,,
2020-03-29,Libya,0,0,1,0,,,,
2020-03-30,Libya,7,0,8,0,,,,
2020-03-05,Liechtenstein,1,0,1,0,,,,
2020-03-11,Liechtenstein,,,,,1.0,0.0,,
2019-12-31,Lithuania,0,0,0,0,,,,
2020-01-01,Lithuania,0,0,0,0,,,,
2020-01-02,Lithuania,0,0,0,0,,,,
2020-01-03,Lithuania,0,0,0,0,,,,
2020-01-04,Lithuania,0,0,0,0,,,,
2020-01-05,Lithuania,0,0,0,0,,,,
2020-03-03,Lithuania,,,,,1.0,0.0,1.0,0.0
2020-03-04,Lithuania,,,,,1.0,0.0,1.0,0.0
2020-03-05,Lithuania,,,,,1.0,0.0,1.0,0.0
2020-03-06,Lithuania,,,,,0.0,0.0,1.0,0.0
2020-03-07,Lithuania,,,,,0.0,0.0,1.0,0.0
2020-03-08,Lithuania,,,,,0.0,0.0,1.0,0.0
2020-03-09,Lithuania,,,,,0.0,0.0,1.0,0.0
2020-03-10,Lithuania,,,,,0.0,0.0,1.0,0.0
2020-03-13,Lithuania,,,,,2.0,0.0,2.0,0.0
2019-12-31,Luxembourg,0,0,0,0,,,,
2020-01-01,Luxembourg,0,0,0,0,,,,
2020-01-02,Luxembourg,0,0,0,0,,,,
2020-01-03,Luxembourg,0,0,0,0,,,,
2020-01-04,Luxembourg,0,0,0,0,,,,
2020-01-05,Luxembourg,0,0,0,0,,,,
2020-03-03,Luxembourg,,,,,1.0,0.0,1.0,0.0
2020-03-04,Luxembourg,,,,,1.0,0.0,1.0,0.0
2020-03-05,Luxembourg,,,,,1.0,0.0,1.0,0.0
2020-03-06,Luxembourg,,,,,1.0,0.0,1.0,0.0
2020-03-08,Luxembourg,,,,,2.0,0.0,3.0,0.0
2020-03-10,Luxembourg,,,,,4.0,0.0,5.0,0.0
2020-03-15,Luxembourg,,,,,35.0,1.0,37.0,1.0
2019-12-31,North Macedonia,0,0,0,0,,,,
2020-01-01,North Macedonia,0,0,0,0,,,,
2020-01-02,North Macedonia,0,0,0,0,,,,
2020-01-03,North Macedonia,0,0,0,0,,,,
2020-01-04,North Macedonia,0,0,0,0,,,,
2020-01-05,North Macedonia,0,0,0,0,,,,
2020-03-03,North Macedonia,,,,,1.0,0.0,1.0,0.0
2020-03-04,North Macedonia,,,,,1.0,0.0,1.0,0.0
2020-03-05,North Macedonia,,,,,0.0,0.0,1.0,0.0
2020-03-06,North Macedonia,,,,,0.0,0.0,1.0,0.0
2020-03-08,North Macedonia,,,,,2.0,0.0,3.0,0.0
2020-03-09,North Macedonia,,,,,2.0,0.0,3.0,0.0
2020-03-10,North Macedonia,,,,,2.0,0.0,3.0,0.0
2020-03-12,North Macedonia,,,,,6.0,0.0,6.0,0.0
2020-03-15,North Macedonia,,,,,10.0,0.0,12.0,0.0
2020-03-21,Madagascar,3,0,3,0,,,,
2020-03-22,Madagascar,0,0,3,0,,,,
2020-03-23,Madagascar,0,0,3,0,,,,
2020-03-24,Madagascar,14,0,17,0,,,,
2020-03-25,Madagascar,2,0,19,0,,,,
2020-03-26,Madagascar,0,0,19,0,,,,
2020-04-03,Malawi,3,0,3,0,,,,
2020-04-04,Malawi,0,0,3,0,,,,
2020-04-05,Malawi,1,0,4,0,,,,
2020-04-06,Malawi,0,0,4,0,,,,
2020-04-07,Malawi,1,0,5,0,,,,
2020-04-08,Malawi,3,1,8,1,,,,
2019-12-31,Malaysia,0,0,0,0,,,,
2020-01-01,Malaysia,0,0,0,0,,,,
2020-01-02,Malaysia,0,0,0,0,,,,
2020-01-03,Malaysia,0,0,0,0,,,,
2020-01-04,Malaysia,0,0,0,0,,,,
2020-01-05,Malaysia,0,0,0,0,,,,
2020-03-03,Malaysia,,,,,7.0,0.0,7.0,0.0
2020-03-08,Maldives,2,0,2,0,,,,
2020-03-09,Maldives,2,0,4,0,,,,
2020-03-11,Maldives,2,0,6,0,,,,
2020-03-12,Maldives,2,0,8,0,,,,
2020-03-26,Mali,2,0,2,0,,,,
2020-03-27,Mali,2,0,4,0,,,,
2020-03-28,Mali,0,0,4,0,,,,
2020-03-29,Mali,5,0,9,0,,,,
2020-03-30,Mali,9,0,18,0,,,,
2020-03-31,Mali,0,0,18,0,,,,
2020-03-07,Malta,1,0,1,0,,,,
2020-03-08,Malta,2,0,3,0,,,,
2020-03-09,Malta,0,0,3,0,,,,
2020-03-10,Malta,2,0,5,0,,,,
2020-03-11,Malta,1,0,6,0,,,,
2020-03-12,Malta,1,0,7,0,,,,
2020-03-15,Mauritania,1,0,1,0,,,,
2020-03-16,Mauritania,0,0,1,0,,,,
2020-03-17,Mauritania,0,0,1,0,,,,
2020-03-18,Mauritania,0,0,1,0,,,,
2020-03-19,Mauritania,0,0,1,0,,,,
2020-03-20,Mauritania,1,0,2,0,,,,
2020-03-20,Mauritius,3,0,3,0,,,,
2020-03-21,Mauritius,9,0,12,0,,,,
2020-03-22,Mauritius,2,1,14,1,,,,
2020-03-23,Mauritius,14,1,28,2,,,,
2020-03-24,Mauritius,8,0,36,2,,,,
2020-03-25,Mauritius,6,0,42,2,,,,
2019-12-31,Mexico,0,0,0,0,,,,
2020-01-01,Mexico,0,0,0,0,,,,
2020-01-02,Mexico,0,0,0,0,,,,
2020-01-03,Mexico,0,0,0,0,,,,
2020-01-04,Mexico,0,0,0,0,,,,
2020-01-05,Mexico,0,0,0,0,,,,
2020-03-03,Mexico,,,,,5.0,0.0,5.0,0.0
2020-03-04,Mexico,,,,,5.0,0.0,5.0,0.0
2020-03-05,Mexico,,,,,5.0,0.0,5.0,0.0
2020-03-06,Mexico,,,,,5.0,0.0,5.0,0.0
2020-03-07,Mexico,,,,,3.0,0.0,5.0,0.0
2020-03-08,Mexico,,,,,1.0,0.0,5.0,0.0
2020-03-10,Mexico,,,,,2.0,0.0,7.0,0.0
2020-03-11,Mexico,,,,,2.0,0.0,7.0,0.0
2020-03-08,Moldova,1,0,1,0,,,,
2020-03-11,Moldova,2,0,3,0,,,,
2020-03-12,Moldova,1,0,4,0,,,,
2020-03-13,Moldova,2,0,6,0,,,,
2019-12-31,Monaco,0,0,0,0,,,,
2020-01-01,Monaco,0,0,0,0,,,,
2020-01-02,Monaco,0,0,0,0,,,,
2020-01-03,Monaco,0,0,0,0,,,,
2020-01-04,Monaco,0,0,0,0,,,,
2020-01-05,Monaco,0,0,0,0,,,,
2020-03-03,Monaco,,,,,1.0,0.0,1.0,0.0
2020-03-04,Monaco,,,,,1.0,0.0,1.0,0.0
2020-03-05,Monaco,,,,,1.0,0.0,1.0,0.0
2020-03-06,Monaco,,,,,1.0,0.0,1.0,0.0
2020-03-07,Monaco,,,,,0.0,0.0,1.0,0.0
2020-03-08,Monaco,,,,,0.0,0.0,1.0,0.0
2020-03-09,Monaco,,,,,0.0,0.0,1.0,0.0
2020-03-10,Monaco,,,,,0.0,0.0,1.0,0.0
2020-03-11,Monaco,,,,,0.0,0.0,1.0,0.0
2020-03-12,Monaco,,,,,0.0,0.0,1.0,0.0
2020-03-13,Monaco,,,,,0.0,0.0,1.0,0.0
2020-03-14,Monaco,,,,,0.0,0.0,0.0,0.0
2020-03-10,Mongolia,1,0,1,0,,,,
2020-03-15,Mongolia,0,0,1,0,,,,
2020-03-16,Mongolia,,,,,1.0,0.0,,
2020-03-17,Mongolia,,,,,0.0,0.0,,
2020-03-18,Montenegro,2,0,2,0,,,,
2020-03-19,Montenegro,6,0,8,0,,,,
2020-03-20,Montenegro,5,0,13,0,,,,
2020-03-21,Montenegro,1,0,14,0,,,,
2020-03-22,Montenegro,0,0,14,0,,,,
2020-03-23,Montenegro,7,0,21,0,,,,
2020-03-21,Montserrat,1,0,1,0,,,,
2020-03-22,Montserrat,0,0,1,0,,,,
2020-03-23,Montserrat,0,0,1,0,,,,
2020-03-24,Montserrat,0,0,1,0,,,,
2020-03-25,Montserrat,0,0,1,0,,,,
2020-03-26,Montserrat,0,0,1,0,,,,
2020-04-01,Montserrat,,,,,4.0,0.0,,
2020-03-03,Morocco,1,0,1,0,,,,
2020-03-06,Morocco,1,0,2,0,,,,
2020-03-09,Morocco,,,,,2.0,0.0,,
2020-03-10,Morocco,,,,,1.0,0.0,,
2020-03-11,Morocco,,,,,1.0,0.0,,
2020-03-23,Mozambique,1,0,1,0,,,,
2020-03-24,Mozambique,0,0,1,0,,,,
2020-03-25,Mozambique,0,0,1,0,,,,
2020-03-26,Mozambique,4,0,5,0,,,,
2020-03-27,Mozambique,2,0,7,0,,,,
2020-03-28,Mozambique,0,0,7,0,,,,
2020-03-17,Myanmar,0,0,0,0,,,,
2020-03-23,Myanmar,,,,,0.0,0.0,,
2020-03-15,Namibia,2,0,2,0,,,,
2020-03-16,Namibia,0,0,2,0,,,,
2020-03-17,Namibia,0,0,2,0,,,,
2020-03-18,Namibia,0,0,2,0,,,,
2020-03-19,Namibia,0,0,2,0,,,,
2020-03-20,Namibia,0,0,2,0,,,,
2019-12-31,Nepal,0,0,0,0,,,,
2020-01-01,Nepal,0,0,0,0,,,,
2020-01-02,Nepal,0,0,0,0,,,,
2020-01-03,Nepal,0,0,0,0,,,,
2020-01-04,Nepal,0,0,0,0,,,,
2020-01-05,Nepal,0,0,0,0,,,,
2020-03-03,Nepal,,,,,0.0,0.0,0.0,0.0
2020-03-04,Nepal,,,,,0.0,0.0,0.0,0.0
2020-03-05,Nepal,,,,,0.0,0.0,0.0,0.0
2020-03-06,Nepal,,,,,0.0,0.0,0.0,0.0
2020-03-07,Nepal,,,,,0.0,0.0,0.0,0.0
2020-03-08,Nepal,,,,,0.0,0.0,0.0,0.0
2020-03-09,Nepal,,,,,0.0,0.0,0.0,0.0
2020-03-10,Nepal,,,,,0.0,0.0,0.0,0.0
2020-03-11,Nepal,,,,,0.0,0.0,0.0,0.0
2020-03-12,Nepal,,,,,0.0,0.0,0.0,0.0
2020-03-13,Nepal,,,,,0.0,0.0,0.0,0.0
2020-03-14,Nepal,,,,,0.0,0.0,0.0,0.0
2020-03-16,Nepal,,,,,0.0,0.0,0.0,0.0
2019-12-31,Netherlands,0,0,0,0,,,,
2020-01-01,Netherlands,0,0,0,0,,,,
2020-01-02,Netherlands,0,0,0,0,,,,
2020-01-03,Netherlands,0,0,0,0,,,,
2020-01-04,Netherlands,0,0,0,0,,,,
2020-01-05,Netherlands,0,0,0,0,,,,
2020-03-21,New Caledonia,2,0,2,0,,,,
2020-03-22,New Caledonia,2,0,4,0,,,,
2020-03-23,New Caledonia,1,0,5,0,,,,
2020-03-24,New Caledonia,2,0,7,0,,,,
2020-03-25,New Caledonia,2,0,9,0,,,,
2020-03-26,New Caledonia,5,0,14,0,,,,
2019-12-31,New Zealand,0,0,0,0,,,,
2020-01-01,New Zealand,0,0,0,0,,,,
2020-01-02,New Zealand,0,0,0,0,,,,
2020-01-03,New Zealand,0,0,0,0,,,,
2020-01-04,New Zealand,0,0,0,0,,,,
2020-01-05,New Zealand,0,0,0,0,,,,
2020-03-03,New Zealand,,,,,1.0,0.0,1.0,0.0
2020-03-08,New Zealand,,,,,4.0,0.0,5.0,0.0
2020-03-09,New Zealand,,,,,4.0,0.0,5.0,0.0
2020-03-10,New Zealand,,,,,4.0,0.0,5.0,0.0
2020-03-11,New Zealand,,,,,3.0,0.0,5.0,0.0
2020-03-12,New Zealand,,,,,2.0,0.0,5.0,0.0
2020-03-13,New Zealand,,,,,1.0,0.0,4.0,0.0
2020-03-16,New Zealand,,,,,3.0,0.0,7.0,0.0
2020-03-17,New Zealand,,,,,3.0,0.0,7.0,0.0
2020-03-19,Nicaragua,1,0,1,0,,,,
2020-03-20,Nicaragua,0,0,1,0,,,,
2020-03-21,Nicaragua,1,0,2,0,,,,
2020-03-22,Nicaragua,0,0,2,0,,,,
2020-03-23,Nicaragua,0,0,2,0,,,,
2020-03-24,Nicaragua,0,0,2,0,,,,
2020-03-21,Niger,1,0,1,0,,,,
2020-03-22,Niger,0,0,1,0,,,,
2020-03-23,Niger,0,0,1,0,,,,
2020-03-24,Niger,1,0,2,0,,,,
2020-03-25,Niger,5,1,7,1,,,,
2020-03-26,Niger,0,0,7,1,,,,
2019-12-31,Nigeria,0,0,0,0,,,,
2020-01-01,Nigeria,0,0,0,0,,,,
2020-01-02,Nigeria,0,0,0,0,,,,
2020-01-03,Nigeria,0,0,0,0,,,,
2020-01-04,Nigeria,0,0,0,0,,,,
2020-01-05,Nigeria,0,0,0,0,,,,
2020-03-03,Nigeria,,,,,1.0,0.0,1.0,0.0
2020-03-04,Nigeria,,,,,1.0,0.0,1.0,0.0
2020-03-05,Nigeria,,,,,1.0,0.0,1.0,0.0
2020-03-06,Nigeria,,,,,0.0,0.0,1.0,0.0
2020-03-07,Nigeria,,,,,0.0,0.0,1.0,0.0
2020-03-08,Nigeria,,,,,0.0,0.0,1.0,0.0
2020-03-09,Nigeria,,,,,0.0,0.0,1.0,0.0
2020-03-11,Nigeria,,,,,1.0,0.0,2.0,0.0
2020-03-12,Nigeria,,,,,1.0,0.0,2.0,0.0
2020-03-13,Nigeria,,,,,1.0,0.0,1.0,0.0
2020-03-14,Nigeria,,,,,1.0,0.0,1.0,0.0
2020-03-31,Northern Mariana Islands,2,0,2,0,,,,
2020-04-01,Northern Mariana Islands,4,0,6,0,,,,
2020-04-02,Northern Mariana Islands,0,1,6,1,,,,
2020-04-03,Northern Mariana Islands,2,0,8,1,,,,
2020-04-04,Northern Mariana Islands,0,0,8,1,,,,
2020-04-05,Northern Mariana Islands,0,0,8,1,,,,
2019-12-31,Norway,0,0,0,0,,,,
2020-01-01,Norway,0,0,0,0,,,,
2020-01-02,Norway,0,0,0,0,,,,
2020-01-03,Norway,0,0,0,0,,,,
2020-01-04,Norway,0,0,0,0,,,,
2020-01-05,Norway,0,0,0,0,,,,
2019-12-31,Oman,0,0,0,0,,,,
2020-01-01,Oman,0,0,0,0,,,,
2020-01-02,Oman,0,0,0,0,,,,
2020-01-03,Oman,0,0,0,0,,,,
2020-01-04,Oman,0,0,0,0,,,,
2020-01-05,Oman,0,0,0,0,,,,
2020-03-04,Oman,,,,,3.0,0.0,7.0,0.0
2020-03-07,Oman,,,,,10.0,0.0,16.0,0.0
2020-03-08,Oman,,,,,10.0,0.0,16.0,0.0
2020-03-09,Oman,,,,,10.0,0.0,16.0,0.0
2020-03-12,Oman,,,,,3.0,0.0,14.0,0.0
2020-03-13,Oman,,,,,2.0,0.0,12.0,0.0
2019-12-31,Pakistan,0,0,0,0,,,,
2020-01-01,Pakistan,0,0,0,0,,,,
2020-01-02,Pakistan,0,0,0,0,,,,
2020-01-03,Pakistan,0,0,0,0,,,,
2020-01-04,Pakistan,0,0,0,0,,,,
2020-01-05,Pakistan,0,0,0,0,,,,
2020-03-03,Pakistan,,,,,4.0,0.0,4.0,0.0
2020-03-05,Pakistan,,,,,3.0,0.0,5.0,0.0
2020-03-06,Pakistan,,,,,3.0,0.0,5.0,0.0
2020-03-08,Pakistan,,,,,2.0,0.0,6.0,0.0
2020-03-09,Pakistan,,,,,2.0,0.0,6.0,0.0
2020-03-06,Palestine,7,0,7,0,,,,
2020-03-07,Palestine,9,0,16,0,,,,
2020-03-08,Palestine,3,0,19,0,,,,
2020-03-10,Palestine,1,0,20,0,,,,
2020-03-11,Palestine,9,0,29,0,,,,
2020-03-13,Palestine,,,,,23.0,0.0,,
2020-04-05,Palestine,,,,,58.0,0.0,103.0,1.0
2020-03-10,Panama,1,0,1,0,,,,
2020-03-11,Panama,6,1,7,1,,,,
2020-03-12,Panama,7,0,14,1,,,,
2020-03-13,Panama,13,0,27,1,,,,
2020-03-14,Panama,9,0,36,1,,,,
2020-03-15,Panama,7,0,43,1,,,,
2020-03-21,Papua New Guinea,1,0,1,0,,,,
2020-03-22,Papua New Guinea,0,0,1,0,,,,
2020-03-23,Papua New Guinea,0,0,1,0,,,,
2020-03-24,Papua New Guinea,0,0,1,0,,,,
2020-03-25,Papua New Guinea,0,0,1,0,,,,
2020-03-26,Papua New Guinea,0,0,1,0,,,,
2020-03-08,Paraguay,1,0,1,0,,,,
2020-03-11,Paraguay,4,0,5,0,,,,
2020-03-13,Paraguay,1,0,6,0,,,,
2020-03-15,Paraguay,,,,,6.0,0.0,,
2020-03-07,Peru,1,0,1,0,,,,
2020-03-09,Peru,6,0,7,0,,,,
2020-03-10,Peru,2,0,9,0,,,,
2020-03-11,Peru,2,0,11,0,,,,
2020-03-12,Peru,6,0,17,0,,,,
2019-12-31,Philippines,0,0,0,0,,,,
2020-01-01,Philippines,0,0,0,0,,,,
2020-01-02,Philippines,0,0,0,0,,,,
2020-01-03,Philippines,0,0,0,0,,,,
2020-01-04,Philippines,0,0,0,0,,,,
2020-01-05,Philippines,0,0,0,0,,,,
2020-03-03,Philippines,,,,,0.0,0.0,0.0,0.0
2020-03-04,Philippines,,,,,0.0,0.0,0.0,0.0
2020-03-05,Philippines,,,,,0.0,0.0,0.0,0.0
2020-03-06,Philippines,,,,,0.0,0.0,0.0,0.0
2020-03-04,Poland,1,0,1,0,,,,
2020-03-07,Poland,4,0,5,0,,,,
2020-03-08,Poland,1,0,6,0,,,,
2020-03-09,Poland,5,0,11,0,,,,
2020-03-03,Portugal,2,0,2,0,,,,
2020-03-04,Portugal,2,0,4,0,,,,
2020-03-05,Portugal,1,0,5,0,,,,
2020-03-06,Portugal,4,0,9,0,,,,
2020-03-07,Portugal,4,0,13,0,,,,
2020-03-08,Portugal,8,0,21,0,,,,
2020-03-28,Puerto Rico,64,2,64,2,,,,
2020-03-29,Puerto Rico,36,1,100,3,,,,
2020-03-30,Puerto Rico,27,2,127,5,,,,
2020-03-31,Puerto Rico,47,1,174,6,,,,
2020-04-01,Puerto Rico,65,2,239,8,,,,
2020-04-02,Puerto Rico,47,3,286,11,,,,
2019-12-31,Qatar,0,0,0,0,,,,
2020-01-01,Qatar,0,0,0,0,,,,
2020-01-02,Qatar,0,0,0,0,,,,
2020-01-03,Qatar,0,0,0,0,,,,
2020-01-04,Qatar,0,0,0,0,,,,
2020-01-05,Qatar,0,0,0,0,,,,
2020-03-03,Qatar,,,,,3.0,0.0,3.0,0.0
2020-03-05,Qatar,,,,,8.0,0.0,8.0,0.0
2020-03-06,Qatar,,,,,8.0,0.0,8.0,0.0
2020-03-13,Qatar,,,,,254.0,0.0,262.0,0.0
2019-12-31,Romania,0,0,0,0,,,,
2020-01-01,Romania,0,0,0,0,,,,
2020-01-02,Romania,0,0,0,0,,,,
2020-01-03,Romania,0,0,0,0,,,,
2020-01-04,Romania,0,0,0,0,,,,
2020-01-05,Romania,0,0,0,0,,,,
2020-03-03,Romania,,,,,3.0,0.0,3.0,0.0
2020-03-05,Romania,,,,,3.0,0.0,4.0,0.0
2019-12-31,Russia,0,0,0,0,,,,
2020-01-01,Russia,0,0,0,0,,,,
2020-01-02,Russia,0,0,0,0,,,,
2020-01-03,Russia,0,0,0,0,,,,
2020-01-04,Russia,0,0,0,0,,,,
2020-01-05,Russia,0,0,0,0,,,,
2020-03-15,Rwanda,1,0,1,0,,,,
2020-03-16,Rwanda,4,0,5,0,,,,
2020-03-17,Rwanda,0,0,5,0,,,,
2020-03-18,Rwanda,2,0,7,0,,,,
2020-03-19,Rwanda,4,0,11,0,,,,
2020-03-20,Rwanda,0,0,11,0,,,,
2020-03-26,Saint Kitts and Nevis,2,0,2,0,,,,
2020-03-27,Saint Kitts and Nevis,0,0,2,0,,,,
2020-03-28,Saint Kitts and Nevis,0,0,2,0,,,,
2020-03-29,Saint Kitts and Nevis,0,0,2,0,,,,
2020-03-30,Saint Kitts and Nevis,5,0,7,0,,,,
2020-03-31,Saint Kitts and Nevis,0,0,7,0,,,,
2020-03-15,Saint Lucia,2,0,2,0,,,,
2020-03-16,Saint Lucia,0,0,2,0,,,,
2020-03-17,Saint Lucia,0,0,2,0,,,,
2020-03-18,Saint Lucia,0,0,2,0,,,,
2020-03-19,Saint Lucia,0,0,2,0,,,,
2020-03-20,Saint Lucia,0,0,2,0,,,,
2020-03-13,Saint Vincent and the Grenadines,1,0,1,0,,,,
2020-03-19,Saint Vincent and the Grenadines,,,,,1.0,0.0,,
2020-03-20,Saint Vincent and the Grenadines,,,,,0.0,0.0,,
2020-03-21,Saint Vincent and the Grenadines,,,,,0.0,0.0,,
2020-03-22,Saint Vincent and the Grenadines,,,,,0.0,0.0,,
2020-03-23,Saint Vincent and the Grenadines,,,,,0.0,0.0,,
2020-03-24,Saint Vincent and the Grenadines,,,,,0.0,0.0,,
2019-12-31,San Marino,0,0,0,0,,,,
2020-01-01,San Marino,0,0,0,0,,,,
2020-01-02,San Marino,0,0,0,0,,,,
2020-01-03,San Marino,0,0,0,0,,,,
2020-01-04,San Marino,0,0,0,0,,,,
2020-01-05,San Marino,0,0,0,0,,,,
2020-03-03,San Marino,,,,,8.0,1.0,8.0,1.0
2020-04-09,Sao Tome and Principe,4,0,4,0,,,,
2020-04-10,Sao Tome and Principe,0,0,4,0,,,,
2020-04-11,Sao Tome and Principe,0,0,4,0,,,,
2020-04-12,Sao Tome and Principe,0,0,4,0,,,,
2020-04-13,Sao Tome and Principe,0,0,4,0,,,,
2020-04-14,Sao Tome and Principe,0,0,4,0,,,,
2020-03-03,Saudi Arabia,1,0,1,0,,,,
2020-03-06,Saudi Arabia,4,0,5,0,,,,
2020-03-08,Saudi Arabia,2,0,7,0,,,,
2020-03-03,Senegal,1,0,1,0,,,,
2020-03-05,Senegal,2,0,3,0,,,,
2020-03-06,Senegal,1,0,4,0,,,,
2020-03-09,Senegal,,,,,4.0,0.0,,
2020-03-10,Senegal,,,,,3.0,0.0,,
2020-03-11,Senegal,,,,,3.0,0.0,,
2020-03-12,Senegal,,,,,1.0,0.0,,
2020-03-07,Serbia,1,0,1,0,,,,
2020-03-11,Serbia,4,0,5,0,,,,
2020-03-12,Serbia,13,0,18,0,,,,
2020-03-15,Seychelles,2,0,2,0,,,,
2020-03-16,Seychelles,1,0,3,0,,,,
2020-03-17,Seychelles,1,0,4,0,,,,
2020-03-18,Seychelles,0,0,4,0,,,,
2020-03-19,Seychelles,2,0,6,0,,,,
2020-03-20,Seychelles,0,0,6,0,,,,
2020-04-01,Sierra Leone,1,0,1,0,,,,
2020-04-02,Sierra Leone,0,0,1,0,,,,
2020-04-03,Sierra Leone,1,0,2,0,,,,
2020-04-04,Sierra Leone,0,0,2,0,,,,
2020-04-05,Sierra Leone,2,0,4,0,,,,
2020-04-06,Sierra Leone,2,0,6,0,,,,
2019-12-31,Singapore,0,0,0,0,,,,
2020-01-01,Singapore,0,0,0,0,,,,
2020-01-02,Singapore,0,0,0,0,,,,
2020-01-03,Singapore,0,0,0,0,,,,
2020-01-04,Singapore,0,0,0,0,,,,
2020-01-05,Singapore,0,0,0,0,,,,
2020-03-03,Sint Maarten (Dutch part),1,0,1,0,,,,
2020-03-09,Sint Maarten (Dutch part),,,,,1.0,0.0,,
2020-03-10,Sint Maarten (Dutch part),,,,,0.0,0.0,,
2020-03-11,Sint Maarten (Dutch part),,,,,0.0,0.0,,
2020-03-12,Sint Maarten (Dutch part),,,,,0.0,0.0,,
2020-03-13,Sint Maarten (Dutch part),,,,,0.0,0.0,,
2020-03-14,Sint Maarten (Dutch part),,,,,0.0,0.0,,
2020-03-15,Sint Maarten (Dutch part),,,,,0.0,0.0,,
2020-03-16,Sint Maarten (Dutch part),,,,,0.0,0.0,1.0,0.0
2020-03-17,Sint Maarten (Dutch part),,,,,0.0,0.0,0.0,0.0
2020-03-18,Sint Maarten (Dutch part),,,,,0.0,0.0,0.0,0.0
2020-03-19,Sint Maarten (Dutch part),,,,,0.0,0.0,0.0,0.0
2020-03-20,Sint Maarten (Dutch part),,,,,0.0,0.0,0.0,0.0
2020-03-21,Sint Maarten (Dutch part),,,,,0.0,0.0,0.0,0.0
2020-03-22,Sint Maarten (Dutch part),,,,,0.0,0.0,0.0,0.0
2020-03-23,Sint Maarten (Dutch part),,,,,0.0,0.0,0.0,0.0
2020-03-24,Sint Maarten (Dutch part),,,,,0.0,0.0,0.0,0.0
2020-03-25,Sint Maarten (Dutch part),,,,,0.0,0.0,0.0,0.0
2020-03-31,Sint Maarten (Dutch part),,,,,2.0,0.0,2.0,0.0
2020-03-07,Slovakia,1,0,1,0,,,,
2020-03-08,Slovakia,2,0,3,0,,,,
2020-03-09,Slovakia,2,0,5,0,,,,
2020-03-11,Slovakia,2,0,7,0,,,,
2020-03-12,Slovakia,3,0,10,0,,,,
2020-03-05,Slovenia,1,0,1,0,,,,
2020-03-06,Slovenia,5,0,6,0,,,,
2020-03-07,Slovenia,3,0,9,0,,,,
2020-03-08,Slovenia,3,0,12,0,,,,
2020-03-09,Slovenia,4,0,16,0,,,,
2020-03-17,Somalia,1,0,1,0,,,,
2020-03-18,Somalia,0,0,1,0,,,,
2020-03-19,Somalia,0,0,1,0,,,,
2020-03-20,Somalia,0,0,1,0,,,,
2020-03-21,Somalia,0,0,1,0,,,,
2020-03-22,Somalia,0,0,1,0,,,,
2020-03-06,South Africa,1,0,1,0,,,,
2020-03-08,South Africa,1,0,2,0,,,,
2020-03-09,South Africa,1,0,3,0,,,,
2020-03-10,South Africa,4,0,7,0,,,,
2019-12-31,South Korea,0,0,0,0,,,,
2020-01-01,South Korea,0,0,0,0,,,,
2020-01-02,South Korea,0,0,0,0,,,,
2020-01-03,South Korea,0,0,0,0,,,,
2020-01-04,South Korea,0,0,0,0,,,,
2020-01-05,South Korea,0,0,0,0,,,,
2020-04-06,South Sudan,1,0,1,0,,,,
2020-04-07,South Sudan,0,0,1,0,,,,
2020-04-08,South Sudan,0,0,1,0,,,,
2020-04-09,South Sudan,1,0,2,0,,,,
2020-04-10,South Sudan,0,0,2,0,,,,
2020-04-11,South Sudan,1,0,3,0,,,,
2019-12-31,Spain,0,0,0,0,,,,
2020-01-01,Spain,0,0,0,0,,,,
2020-01-02,Spain,0,0,0,0,,,,
2020-01-03,Spain,0,0,0,0,,,,
2020-01-04,Spain,0,0,0,0,,,,
2020-01-05,Spain,0,0,0,0,,,,
2019-12-31,Sri Lanka,0,0,0,0,,,,
2020-01-01,Sri Lanka,0,0,0,0,,,,
2020-01-02,Sri Lanka,0,0,0,0,,,,
2020-01-03,Sri Lanka,0,0,0,0,,,,
2020-01-04,Sri Lanka,0,0,0,0,,,,
2020-01-05,Sri Lanka,0,0,0,0,,,,
2020-03-03,Sri Lanka,,,,,0.0,0.0,0.0,0.0
2020-03-04,Sri Lanka,,,,,0.0,0.0,0.0,0.0
2020-03-05,Sri Lanka,,,,,0.0,0.0,0.0,0.0
2020-03-06,Sri Lanka,,,,,0.0,0.0,0.0,0.0
2020-03-07,Sri Lanka,,,,,0.0,0.0,0.0,0.0
2020-03-08,Sri Lanka,,,,,0.0,0.0,0.0,0.0
2020-03-09,Sri Lanka,,,,,0.0,0.0,0.0,0.0
2020-03-10,Sri Lanka,,,,,0.0,0.0,0.0,0.0
2020-03-11,Sri Lanka,,,,,0.0,0.0,0.0,0.0
2020-03-14,Sudan,1,0,1,0,,,,
2020-03-15,Sudan,0,1,1,1,,,,
2020-03-16,Sudan,0,0,1,1,,,,
2020-03-17,Sudan,0,0,1,1,,,,
2020-03-18,Sudan,0,0,1,1,,,,
2020-03-19,Sudan,1,0,2,1,,,,
2020-03-15,Suriname,1,0,1,0,,,,
2020-03-15,Eswatini,1,0,1,0,,,,
2020-03-16,Eswatini,0,0,1,0,,,,
2020-03-17,Eswatini,0,0,1,0,,,,
2020-03-18,Eswatini,0,0,1,0,,,,
2020-03-19,Eswatini,0,0,1,0,,,,
2020-03-20,Eswatini,0,0,1,0,,,,
2019-12-31,Sweden,0,0,0,0,,,,
2020-01-01,Sweden,0,0,0,0,,,,
2020-01-02,Sweden,0,0,0,0,,,,
2020-01-03,Sweden,0,0,0,0,,,,
2020-01-04,Sweden,0,0,0,0,,,,
2020-01-05,Sweden,0,0,0,0,,,,
2019-12-31,Switzerland,0,0,0,0,,,,
2020-01-01,Switzerland,0,0,0,0,,,,
2020-01-02,Switzerland,0,0,0,0,,,,
2020-01-03,Switzerland,0,0,0,0,,,,
2020-01-04,Switzerland,0,0,0,0,,,,
2020-01-05,Switzerland,0,0,0,0,,,,
2020-03-23,Syria,1,0,1,0,,,,
2020-03-24,Syria,0,0,1,0,,,,
2020-03-25,Syria,0,0,1,0,,,,
2020-03-26,Syria,0,0,1,0,,,,
2020-03-27,Syria,4,0,5,0,,,,
2020-03-28,Syria,0,0,5,0,,,,
2019-12-31,Taiwan,0,0,0,0,,,,
2020-01-01,Taiwan,0,0,0,0,,,,
2020-01-02,Taiwan,0,0,0,0,,,,
2020-01-03,Taiwan,0,0,0,0,,,,
2020-01-04,Taiwan,0,0,0,0,,,,
2020-01-05,Taiwan,0,0,0,0,,,,
2020-03-05,Taiwan,,,,,10.0,0.0,18.0,0.0
2020-03-10,Taiwan,,,,,4.0,0.0,15.0,0.0
2020-05-01,Tajikistan,15,0,15,0,,,,
2020-05-02,Tajikistan,0,0,15,0,,,,
2020-05-03,Tajikistan,17,0,32,0,,,,
2020-05-04,Tajikistan,44,2,76,2,,,,
2020-05-05,Tajikistan,154,1,230,3,,,,
2020-05-06,Tajikistan,63,2,293,5,,,,
2020-03-17,Tanzania,1,0,1,0,,,,
2020-03-18,Tanzania,0,0,1,0,,,,
2020-03-19,Tanzania,2,0,3,0,,,,
2020-03-20,Tanzania,0,0,3,0,,,,
2020-03-21,Tanzania,0,0,3,0,,,,
2020-03-22,Tanzania,3,0,6,0,,,,
2019-12-31,Thailand,0,0,0,0,,,,
2020-01-01,Thailand,0,0,0,0,,,,
2020-01-02,Thailand,0,0,0,0,,,,
2020-01-03,Thailand,0,0,0,0,,,,
2020-01-04,Thailand,0,0,0,0,,,,
2020-01-05,Thailand,0,0,0,0,,,,
2020-03-03,Thailand,,,,,6.0,1.0,8.0,1.0
2020-03-04,Thailand,,,,,3.0,1.0,8.0,1.0
2020-03-06,Thailand,,,,,7.0,1.0,12.0,1.0
2020-03-08,Thailand,,,,,8.0,0.0,15.0,1.0
2020-03-09,Thailand,,,,,7.0,0.0,15.0,1.0
2020-03-10,Thailand,,,,,7.0,0.0,13.0,1.0
2020-03-13,Thailand,,,,,23.0,0.0,30.0,1.0
2020-03-22,Timor-Leste,1,0,1,0,,,,
2020-03-23,Timor-Leste,0,0,1,0,,,,
2020-03-24,Timor-Leste,0,0,1,0,,,,
2020-03-25,Timor-Leste,0,0,1,0,,,,
2020-03-26,Timor-Leste,0,0,1,0,,,,
2020-03-27,Timor-Leste,0,0,1,0,,,,
2020-03-07,Togo,1,0,1,0,,,,
2020-03-13,Togo,,,,,1.0,0.0,,
2020-03-14,Togo,,,,,0.0,0.0,,
2020-03-13,Trinidad and Tobago,1,0,1,0,,,,
2020-03-14,Trinidad and Tobago,1,0,2,0,,,,
2020-03-15,Trinidad and Tobago,0,0,2,0,,,,
2020-03-16,Trinidad and Tobago,2,0,4,0,,,,
2020-03-17,Trinidad and Tobago,1,0,5,0,,,,
2020-03-18,Trinidad and Tobago,2,0,7,0,,,,
2020-03-03,Tunisia,1,0,1,0,,,,
2020-03-09,Tunisia,,,,,1.0,0.0,,
2020-03-12,Turkey,1,0,1,0,,,,
2020-03-13,Turkey,1,0,2,0,,,,
2020-03-16,Turkey,16,0,18,0,,,,
2020-03-17,Turkey,29,0,47,0,,,,
2020-03-25,Turks and Caicos Islands,1,0,1,0,,,,
2020-03-26,Turks and Caicos Islands,0,0,1,0,,,,
2020-03-27,Turks and Caicos Islands,1,0,2,0,,,,
2020-03-28,Turks and Caicos Islands,0,0,2,0,,,,
2020-03-29,Turks and Caicos Islands,3,0,5,0,,,,
2020-03-30,Turks and Caicos Islands,0,0,5,0,,,,
2020-03-22,Uganda,1,0,1,0,,,,
2020-03-23,Uganda,0,0,1,0,,,,
2020-03-24,Uganda,8,0,9,0,,,,
2020-03-25,Uganda,0,0,9,0,,,,
2020-03-26,Uganda,5,0,14,0,,,,
2020-03-27,Uganda,0,0,14,0,,,,
2020-03-04,Ukraine,1,0,1,0,,,,
2020-03-10,Ukraine,,,,,1.0,0.0,,
2020-03-11,Ukraine,,,,,0.0,0.0,,
2020-03-12,Ukraine,,,,,0.0,0.0,,
2020-03-14,Ukraine,,,,,2.0,0.0,,
2020-03-15,Ukraine,,,,,2.0,0.0,,
2019-12-31,United Arab Emirates,0,0,0,0,,,,
2020-01-01,United Arab Emirates,0,0,0,0,,,,
2020-01-02,United Arab Emirates,0,0,0,0,,,,
2020-01-03,United Arab Emirates,0,0,0,0,,,,
2020-01-04,United Arab Emirates,0,0,0,0,,,,
2020-01-05,United Arab Emirates,0,0,0,0,,,,
2020-03-03,United Arab Emirates,,,,,8.0,0.0,12.0,0.0
2020-03-05,United Arab Emirates,,,,,14.0,0.0,18.0,0.0
2020-03-07,United Arab Emirates,,,,,10.0,0.0,18.0,0.0
2020-03-09,United Arab Emirates,,,,,24.0,0.0,32.0,0.0
2020-03-12,United Arab Emirates,,,,,47.0,0.0,61.0,0.0
2020-03-14,United Arab Emirates,,,,,56.0,0.0,66.0,0.0
2019-12-31,United Kingdom,0,0,0,0,,,,
2020-01-01,United Kingdom,0,0,0,0,,,,
2020-01-02,United Kingdom,0,0,0,0,,,,
2020-01-03,United Kingdom,0,0,0,0,,,,
2020-01-04,United Kingdom,0,0,0,0,,,,
2020-01-05,United Kingdom,0,0,0,0,,,,
2019-12-31,United States,0,0,0,0,,,,
2020-01-01,United States,0,0,0,0,,,,
2020-01-02,United States,0,0,0,0,,,,
2020-01-03,United States,0,0,0,0,,,,
2020-01-04,United States,0,0,0,0,,,,
2020-01-05,United States,0,0,0,0,,,,
2020-03-24,United States Virgin Islands,17,0,17,0,,,,
2020-03-25,United States Virgin Islands,0,0,17,0,,,,
2020-03-26,United States Virgin Islands,0,0,17,0,,,,
2020-03-27,United States Virgin Islands,0,0,17,0,,,,
2020-03-28,United States Virgin Islands,2,0,19,0,,,,
2020-03-29,United States Virgin Islands,3,0,22,0,,,,
2020-03-31,United States Virgin Islands,,,,,13.0,0.0,,
2020-03-15,Uruguay,6,0,6,0,,,,
2020-03-16,Uruguay,2,0,8,0,,,,
2020-03-17,Uruguay,21,0,29,0,,,,
2020-03-18,Uruguay,21,0,50,0,,,,
2020-03-19,Uruguay,29,0,79,0,,,,
2020-03-20,Uruguay,15,0,94,0,,,,
2020-03-16,Uzbekistan,6,0,6,0,,,,
2020-03-17,Uzbekistan,2,0,8,0,,,,
2020-03-18,Uzbekistan,8,0,16,0,,,,
2020-03-19,Uzbekistan,7,0,23,0,,,,
2020-03-20,Uzbekistan,0,0,23,0,,,,
2020-03-21,Uzbekistan,10,0,33,0,,,,
2020-03-07,Vatican City,1,0,1,0,,,,
2020-03-13,Vatican City,,,,,1.0,0.0,,
2020-03-14,Vatican City,,,,,0.0,0.0,,
2020-03-15,Vatican City,,,,,0.0,0.0,,
2020-03-15,Venezuela,10,0,10,0,,,,
2020-03-16,Venezuela,5,0,15,0,,,,
2020-03-17,Venezuela,18,0,33,0,,,,
2020-03-18,Venezuela,0,0,33,0,,,,
2020-03-19,Venezuela,0,0,33,0,,,,
2020-03-20,Venezuela,0,0,33,0,,,,
2020-06-18,Venezuela,,,,,412.0,4.0,1198.0,7.0
2019-12-31,Vietnam,0,0,0,0,,,,
2020-01-01,Vietnam,0,0,0,0,,,,
2020-01-02,Vietnam,0,0,0,0,,,,
2020-01-03,Vietnam,0,0,0,0,,,,
2020-01-04,Vietnam,0,0,0,0,,,,
2020-01-05,Vietnam,0,0,0,0,,,,
2020-03-03,Vietnam,,,,,0.0,0.0,0.0,0.0
2020-03-04,Vietnam,,,,,0.0,0.0,0.0,0.0
2020-03-05,Vietnam,,,,,0.0,0.0,0.0,0.0
2020-03-06,Vietnam,,,,,0.0,0.0,0.0,0.0
2020-04-26,Western Sahara,6,0,6,0,,,,
2020-04-27,Western Sahara,0,0,6,0,,,,
2020-04-28,Western Sahara,0,0,6,0,,,,
2020-04-29,Western Sahara,0,0,6,0,,,,
2020-04-30,Western Sahara,0,0,6,0,,,,
2020-05-01,Western Sahara,0,0,6,0,,,,
2019-12-31,World,27,0,27,0,,,,
2020-01-01,World,0,0,27,0,,,,
2020-01-02,World,0,0,27,0,,,,
2020-01-03,World,17,0,44,0,,,,
2020-01-04,World,0,0,44,0,,,,
2020-01-05,World,15,0,59,0,,,,
2020-04-10,Yemen,1,0,1,0,,,,
2020-04-11,Yemen,0,0,1,0,,,,
2020-04-12,Yemen,0,0,1,0,,,,
2020-04-13,Yemen,0,0,1,0,,,,
2020-04-14,Yemen,0,0,1,0,,,,
2020-04-15,Yemen,0,0,1,0,,,,
2020-03-19,Zambia,2,0,2,0,,,,
2020-03-20,Zambia,0,0,2,0,,,,
2020-03-21,Zambia,0,0,2,0,,,,
2020-03-22,Zambia,0,0,2,0,,,,
2020-03-23,Zambia,1,0,3,0,,,,
2020-03-24,Zambia,0,0,3,0,,,,
2020-03-21,Zimbabwe,1,0,1,0,,,,
2020-03-22,Zimbabwe,1,0,2,0,,,,
2020-03-23,Zimbabwe,0,0,2,0,,,,
2020-03-24,Zimbabwe,0,1,2,1,,,,
2020-03-25,Zimbabwe,0,0,2,1,,,,
2020-03-26,Zimbabwe,1,0,3,1,,,,
